14555606,2007-12-11T23:26:22Z
14581694,2007-12-13T12:23:42Z
14583807,2007-12-13T12:54:30Z
14586796,2007-12-13T15:11:02Z
14590615,2007-12-13T23:15:19Z
14580583,2007-12-14T01:21:32Z
14556916,2007-12-14T18:35:30Z
14604282,2007-12-15T00:43:15Z
14609875,2007-12-15T04:06:36Z
14579715,2007-12-17T12:25:53Z
14652963,2007-12-18T12:16:40Z
14670026,2007-12-19T08:14:28Z
14657595,2007-12-19T12:18:40Z
14675699,2007-12-19T17:02:53Z
13321091,2007-12-22T04:22:19Z
14721538,2007-12-23T01:05:34Z
14732467,2007-12-23T23:21:34Z
14689848,2007-12-24T16:15:59Z
14779185,2007-12-26T06:48:57Z
14789375,2007-12-27T21:11:03Z
14811419,2007-12-28T13:06:07Z
14850686,2007-12-30T15:47:37Z
14888308,2008-01-02T04:04:54Z
14833874,2008-01-02T23:20:33Z
14523449,2008-01-03T11:10:05Z
14906876,2008-01-03T17:19:03Z
14910033,2008-01-03T17:26:05Z
14937158,2008-01-05T18:27:21Z
14982048,2008-01-08T15:53:05Z
14923763,2008-01-08T23:19:40Z
15003159,2008-01-09T15:40:05Z
15013369,2008-01-10T02:48:11Z
15018411,2008-01-10T16:37:37Z
15027712,2008-01-11T03:16:36Z
15029389,2008-01-12T02:22:24Z
15102079,2008-01-13T09:26:38Z
15081933,2008-01-13T17:47:39Z
15110601,2008-01-15T07:46:42Z
15114367,2008-01-15T17:39:12Z
15126428,2008-01-16T07:21:32Z
15206090,2008-01-21T01:07:10Z
15153984,2008-01-21T18:22:46Z
15223262,2008-01-22T02:56:58Z
15261959,2008-01-24T01:27:34Z
15277884,2008-01-24T20:20:41Z
15223423,2008-01-26T01:24:30Z
15301632,2008-01-26T01:45:21Z
15303606,2008-01-26T05:56:02Z
15302831,2008-01-26T15:51:03Z
15305118,2008-01-26T19:05:09Z
15319738,2008-01-27T14:22:51Z
15333322,2008-01-27T22:02:58Z
15341661,2008-01-29T00:06:40Z
15370119,2008-01-30T13:02:50Z
15277129,2008-01-30T13:08:05Z
15381724,2008-01-30T19:47:11Z
15391953,2008-01-31T04:17:05Z
15365129,2008-01-31T18:13:17Z
15399876,2008-01-31T18:34:01Z
15402600,2008-02-01T00:12:32Z
15385911,2008-02-01T00:19:01Z
15413877,2008-02-03T20:45:57Z
10105878,2008-02-04T13:26:54Z
15365241,2008-02-05T15:10:18Z
15487748,2008-02-06T00:12:31Z
15103781,2008-02-06T01:56:19Z
15496443,2008-02-06T19:28:48Z
15570923,2008-02-10T16:16:55Z
15499137,2008-02-12T17:45:42Z
15624965,2008-02-13T16:55:00Z
14582847,2008-02-14T10:15:35Z
15621555,2008-02-15T12:09:05Z
15665309,2008-02-16T03:34:20Z
15667411,2008-02-17T02:23:37Z
15686079,2008-02-17T20:26:17Z
15685367,2008-02-17T22:03:49Z
15692000,2008-02-17T23:51:23Z
15706413,2008-02-19T04:43:21Z
15710806,2008-02-20T16:56:16Z
15744406,2008-02-20T22:37:12Z
15760732,2008-02-22T00:21:58Z
15769045,2008-02-22T18:29:22Z
15774009,2008-02-23T02:22:26Z
15810168,2008-02-24T21:04:03Z
15828831,2008-02-26T19:11:25Z
15855299,2008-02-27T22:43:32Z
15872746,2008-02-28T04:42:08Z
15897819,2008-02-29T19:55:43Z
15923573,2008-03-02T04:05:29Z
16062160,2008-03-03T00:22:17Z
15969620,2008-03-04T20:11:47Z
16010117,2008-03-07T00:03:10Z
16053578,2008-03-10T17:33:04Z
16063177,2008-03-10T22:11:35Z
16061691,2008-03-12T01:43:49Z
16108567,2008-03-12T16:37:09Z
16122103,2008-03-13T20:20:16Z
16148663,2008-03-14T09:16:42Z
16160363,2008-03-14T16:31:46Z
15057355,2008-03-15T07:04:19Z
16214829,2008-03-17T21:12:21Z
16223738,2008-03-17T21:33:55Z
16089646,2008-03-18T04:20:37Z
16327403,2008-03-20T13:31:14Z
16276960,2008-03-20T19:57:58Z
16302174,2008-03-22T03:50:45Z
2492619,2008-03-26T14:13:10Z
16374139,2008-03-27T14:28:13Z
16522985,2008-03-31T15:50:24Z
7526459,2008-03-31T17:06:25Z
16556659,2008-04-01T16:24:11Z
16605426,2008-04-03T04:07:26Z
16614677,2008-04-03T15:09:00Z
16753159,2008-04-11T01:22:29Z
16748784,2008-04-11T09:41:31Z
16773339,2008-04-14T01:16:11Z
16609968,2008-04-14T20:28:53Z
16821698,2008-04-15T07:04:55Z
16962446,2008-04-23T19:44:42Z
16969128,2008-04-24T11:56:54Z
16998829,2008-04-26T01:02:38Z
17003599,2008-04-30T00:49:28Z
17039695,2008-05-01T11:38:39Z
17104686,2008-05-01T23:49:25Z
17057034,2008-05-02T22:11:17Z
17157407,2008-05-05T09:52:20Z
17252986,2008-05-11T05:51:52Z
17269281,2008-05-12T14:24:25Z
17264657,2008-05-13T15:39:30Z
17287318,2008-05-14T22:30:12Z
17334669,2008-05-16T10:07:10Z
17351736,2008-05-17T10:22:37Z
17412931,2008-05-21T09:55:15Z
17426226,2008-05-22T14:26:43Z
17418691,2008-05-24T02:44:38Z
17479967,2008-05-24T23:05:56Z
17511838,2008-05-27T14:17:02Z
17532417,2008-05-27T23:15:53Z
17589791,2008-06-02T21:57:29Z
17645875,2008-06-04T00:58:49Z
17654257,2008-06-06T10:18:09Z
17695728,2008-06-07T07:01:44Z
17709254,2008-06-08T19:38:18Z
16945251,2008-06-10T18:30:32Z
17771037,2008-06-11T18:05:32Z
17884644,2008-06-18T04:17:08Z
17843957,2008-06-18T06:55:29Z
17882070,2008-06-18T22:09:56Z
14899290,2008-06-18T22:56:08Z
17900190,2008-06-19T04:16:20Z
17909721,2008-06-19T21:00:26Z
17915964,2008-06-20T03:49:29Z
17706879,2008-06-23T16:08:04Z
17981250,2008-06-24T03:13:40Z
18064781,2008-06-29T02:18:55Z
18098420,2008-06-30T21:20:56Z
18095513,2008-07-01T19:03:19Z
18136121,2008-07-02T22:24:40Z
18137501,2008-07-03T00:36:20Z
18063540,2008-07-07T00:05:25Z
18208080,2008-07-07T16:19:54Z
18218891,2008-07-08T08:16:38Z
18257470,2008-07-10T13:24:32Z
17573086,2008-07-12T19:42:04Z
18330964,2008-07-15T03:33:56Z
18339469,2008-07-16T01:49:42Z
18366478,2008-07-16T19:07:36Z
18504567,2008-07-26T19:49:16Z
18505000,2008-07-26T22:04:47Z
18488856,2008-07-27T13:16:36Z
18374383,2008-07-28T12:48:16Z
18535979,2008-07-29T16:53:48Z
18614458,2008-08-04T17:12:43Z
18616445,2008-08-05T06:11:37Z
18642798,2008-08-09T13:54:00Z
18633985,2008-08-10T19:40:56Z
18780785,2008-08-16T18:09:02Z
18816378,2008-08-18T22:27:57Z
18814902,2008-08-19T17:33:07Z
18867256,2008-08-22T20:28:27Z
18929905,2008-08-26T09:14:16Z
18888099,2008-08-27T22:29:46Z
18936232,2008-08-30T14:35:39Z
18905978,2008-08-31T01:26:09Z
19063350,2008-09-03T19:22:58Z
991931,2008-09-04T16:08:46Z
19262374,2008-09-10T17:27:13Z
19262383,2008-09-10T17:28:41Z
19262405,2008-09-10T17:31:07Z
19262572,2008-09-10T17:48:18Z
19262582,2008-09-10T17:49:25Z
19262622,2008-09-10T17:52:32Z
19262661,2008-09-10T17:55:52Z
19262693,2008-09-10T17:58:36Z
19262703,2008-09-10T17:59:30Z
19262719,2008-09-10T18:00:44Z
19264285,2008-09-10T20:29:21Z
19264311,2008-09-10T20:31:29Z
19264334,2008-09-10T20:33:12Z
19264984,2008-09-10T21:28:26Z
19265029,2008-09-10T21:31:39Z
19265047,2008-09-10T21:32:42Z
19265068,2008-09-10T21:33:37Z
19265232,2008-09-10T21:46:36Z
19265096,2008-09-10T21:47:09Z
19265254,2008-09-10T21:48:40Z
19265530,2008-09-10T22:11:14Z
19265625,2008-09-10T22:14:44Z
19265820,2008-09-10T22:30:27Z
19266015,2008-09-10T22:53:55Z
19266099,2008-09-10T22:56:21Z
19266107,2008-09-10T22:57:13Z
19266115,2008-09-10T22:58:17Z
19266126,2008-09-10T22:59:35Z
19266131,2008-09-10T23:00:36Z
19266142,2008-09-10T23:01:41Z
19266151,2008-09-10T23:02:23Z
19266160,2008-09-10T23:03:14Z
19266171,2008-09-10T23:03:53Z
19266177,2008-09-10T23:04:53Z
19266186,2008-09-10T23:05:36Z
19266193,2008-09-10T23:06:43Z
19266412,2008-09-10T23:31:14Z
19266422,2008-09-10T23:31:54Z
19266440,2008-09-10T23:33:03Z
19266455,2008-09-10T23:33:52Z
19266468,2008-09-10T23:34:50Z
19266492,2008-09-10T23:36:19Z
19266517,2008-09-10T23:38:36Z
19266531,2008-09-10T23:39:28Z
19266548,2008-09-10T23:40:41Z
19266556,2008-09-10T23:41:38Z
19266567,2008-09-10T23:42:35Z
19266581,2008-09-10T23:43:29Z
19266608,2008-09-10T23:45:28Z
19266615,2008-09-10T23:46:22Z
19266632,2008-09-10T23:47:11Z
19266640,2008-09-10T23:48:00Z
19266648,2008-09-10T23:48:51Z
19266658,2008-09-10T23:49:41Z
19266665,2008-09-10T23:50:19Z
19266670,2008-09-10T23:50:58Z
19274444,2008-09-11T15:50:43Z
19274458,2008-09-11T15:51:50Z
19274476,2008-09-11T15:52:35Z
19274497,2008-09-11T15:53:24Z
19274504,2008-09-11T15:54:02Z
19274512,2008-09-11T15:54:40Z
19274521,2008-09-11T15:55:10Z
19274541,2008-09-11T15:55:48Z
19274550,2008-09-11T15:56:20Z
19274562,2008-09-11T15:57:04Z
2107632,2008-09-11T15:58:44Z
19274613,2008-09-11T15:59:24Z
19274645,2008-09-11T16:02:17Z
19274655,2008-09-11T16:03:03Z
19274661,2008-09-11T16:03:39Z
19274666,2008-09-11T16:04:22Z
19274671,2008-09-11T16:04:53Z
19274678,2008-09-11T16:05:22Z
19274684,2008-09-11T16:06:06Z
19274746,2008-09-11T16:09:55Z
19274754,2008-09-11T16:10:23Z
19274782,2008-09-11T16:12:24Z
19274786,2008-09-11T16:12:54Z
19274795,2008-09-11T16:13:31Z
19274799,2008-09-11T16:14:00Z
19274802,2008-09-11T16:14:24Z
19274812,2008-09-11T16:14:49Z
19274821,2008-09-11T16:15:22Z
19275008,2008-09-11T16:28:13Z
19275016,2008-09-11T16:28:38Z
19279155,2008-09-11T22:21:18Z
19279168,2008-09-11T22:22:01Z
19279174,2008-09-11T22:22:22Z
19279186,2008-09-11T22:22:56Z
19279226,2008-09-11T22:25:19Z
19279231,2008-09-11T22:25:44Z
19279236,2008-09-11T22:26:06Z
19279248,2008-09-11T22:26:44Z
19279340,2008-09-11T22:34:45Z
19306029,2008-09-13T21:04:08Z
19306052,2008-09-13T21:05:57Z
19306068,2008-09-13T21:07:20Z
19306085,2008-09-13T21:08:42Z
19306107,2008-09-13T21:10:41Z
19252007,2008-09-15T21:07:32Z
19265693,2008-09-17T23:22:27Z
19264052,2008-09-18T19:32:37Z
19324514,2008-09-22T04:06:04Z
19366869,2008-09-27T15:00:59Z
19452676,2008-10-01T01:44:50Z
19374158,2008-10-04T00:28:50Z
19503319,2008-10-05T15:31:09Z
19519743,2008-10-06T18:14:48Z
19532029,2008-10-07T02:25:55Z
19546974,2008-10-08T01:31:51Z
19591709,2008-10-11T21:27:46Z
19621954,2008-10-12T18:15:00Z
19625626,2008-10-12T20:32:13Z
19634191,2008-10-14T12:22:50Z
19640596,2008-10-14T19:56:58Z
19666930,2008-10-15T13:58:16Z
19739086,2008-10-19T05:03:17Z
19775645,2008-10-22T00:51:22Z
19821090,2008-10-24T19:13:39Z
19876448,2008-10-28T19:03:06Z
19931595,2008-11-01T13:47:33Z
7762510,2008-11-04T09:11:47Z
19987033,2008-11-05T19:12:18Z
20077330,2008-11-12T03:07:11Z
3423399,2008-11-14T21:25:13Z
9668631,2008-11-14T21:41:06Z
20117728,2008-11-15T13:27:11Z
20185557,2008-11-19T20:45:39Z
20237816,2008-11-23T15:17:26Z
20274976,2008-11-25T16:52:15Z
20271058,2008-11-25T19:55:22Z
20321156,2008-11-28T05:59:07Z
20349507,2008-11-30T00:41:09Z
20296430,2008-11-30T20:39:35Z
20378358,2008-12-01T22:20:18Z
20369709,2008-12-02T21:16:16Z
20516654,2008-12-10T07:50:21Z
20588106,2008-12-15T02:04:04Z
20608879,2008-12-16T11:07:02Z
20740695,2008-12-24T08:09:14Z
20749889,2008-12-24T22:36:36Z
20761306,2008-12-26T00:11:40Z
20800455,2008-12-29T19:07:28Z
20946482,2009-01-11T23:41:16Z
20987484,2009-01-16T21:00:15Z
21025247,2009-01-17T17:31:28Z
21124271,2009-01-22T01:07:13Z
21123566,2009-01-22T23:23:31Z
21114686,2009-01-23T22:24:20Z
21261513,2009-02-02T20:16:22Z
21335981,2009-02-07T11:37:21Z
21404216,2009-02-12T23:15:07Z
21431238,2009-02-14T08:50:23Z
21495070,2009-02-18T19:38:50Z
21404786,2009-02-21T12:08:24Z
21574367,2009-02-24T20:27:53Z
21620736,2009-02-27T21:10:08Z
21727833,2009-03-06T06:10:42Z
21740817,2009-03-07T16:32:24Z
21819331,2009-03-08T20:26:19Z
21804283,2009-03-11T15:04:35Z
21870379,2009-03-17T16:00:07Z
21952071,2009-03-20T17:39:54Z
21941585,2009-03-21T14:45:21Z
22015168,2009-03-24T05:20:58Z
21989199,2009-03-25T19:32:15Z
22030785,2009-03-26T00:16:17Z
22067986,2009-03-27T23:10:46Z
22078192,2009-03-28T23:49:01Z
22069184,2009-04-05T12:14:23Z
22213999,2009-04-07T21:07:29Z
22252336,2009-04-09T11:52:22Z
22253817,2009-04-09T11:54:58Z
22280744,2009-04-11T20:13:40Z
22288842,2009-04-13T12:42:18Z
22296554,2009-04-13T12:58:46Z
22323249,2009-04-15T09:58:27Z
22297728,2009-04-15T14:23:27Z
21711409,2009-04-15T15:40:51Z
22275413,2009-04-17T13:44:28Z
22187959,2009-04-21T23:15:07Z
22415766,2009-04-22T02:46:16Z
22469897,2009-04-25T21:38:08Z
22560844,2009-05-02T23:23:09Z
22603518,2009-05-05T13:35:04Z
22638195,2009-05-09T20:39:28Z
22624159,2009-05-11T00:16:17Z
22637785,2009-05-11T13:04:40Z
22681676,2009-05-11T21:03:57Z
22691998,2009-05-12T16:58:51Z
22679278,2009-05-12T18:12:28Z
22744814,2009-05-16T23:43:02Z
22631585,2009-05-18T02:05:34Z
22759986,2009-05-18T15:54:38Z
22826517,2009-05-24T00:17:26Z
22911166,2009-05-31T05:56:09Z
13221232,2009-06-03T16:43:10Z
1969710,2009-06-03T22:31:33Z
11681733,2009-06-03T22:32:55Z
22990011,2009-06-04T12:51:22Z
22990170,2009-06-04T14:30:54Z
23018713,2009-06-06T22:46:15Z
23068858,2009-06-09T19:17:21Z
3646693,2009-06-09T21:17:01Z
3414076,2009-06-09T22:46:22Z
1209457,2009-06-09T22:47:21Z
1130063,2009-06-09T22:48:13Z
1761324,2009-06-09T22:57:49Z
1364019,2009-06-09T22:57:52Z
9468479,2009-06-09T22:57:52Z
12617137,2009-06-09T22:58:03Z
2858849,2009-06-09T23:18:08Z
3190762,2009-06-09T23:25:43Z
1209634,2009-06-09T23:25:50Z
4036155,2009-06-09T23:43:18Z
1467018,2009-06-09T23:46:49Z
1236709,2009-06-09T23:47:20Z
2104397,2009-06-09T23:50:58Z
1209572,2009-06-09T23:55:06Z
991918,2009-06-10T00:04:30Z
2855076,2009-06-10T00:09:21Z
3050183,2009-06-10T00:09:36Z
2802971,2009-06-10T01:54:15Z
2744283,2009-06-10T01:55:12Z
1619326,2009-06-10T01:55:29Z
1039316,2009-06-10T01:56:14Z
4191283,2009-06-10T02:10:48Z
3666791,2009-06-10T02:11:41Z
16181350,2009-06-10T02:12:02Z
2982893,2009-06-10T02:13:52Z
3375796,2009-06-10T02:14:01Z
3632070,2009-06-10T02:14:03Z
3641842,2009-06-10T02:14:07Z
2973844,2009-06-10T02:14:14Z
3014510,2009-06-10T02:14:17Z
5821289,2009-06-10T02:14:21Z
4093594,2009-06-10T02:14:31Z
4207843,2009-06-10T02:15:25Z
3356202,2009-06-10T02:17:17Z
2385001,2009-06-10T02:17:23Z
3048468,2009-06-10T02:17:28Z
2100348,2009-06-10T02:17:31Z
1265622,2009-06-10T02:17:35Z
16195070,2009-06-10T02:17:47Z
1405183,2009-06-10T02:17:48Z
5248825,2009-06-10T02:18:00Z
3495808,2009-06-10T02:18:02Z
3282801,2009-06-10T02:18:11Z
2619122,2009-06-10T02:19:05Z
16195456,2009-06-10T02:19:17Z
4910962,2009-06-10T02:19:24Z
16194970,2009-06-10T02:19:38Z
2605497,2009-06-10T02:21:26Z
3566813,2009-06-10T02:21:33Z
1677284,2009-06-10T02:21:35Z
1111534,2009-06-10T02:22:48Z
1896588,2009-06-10T02:22:52Z
1158131,2009-06-10T02:23:00Z
991936,2009-06-10T02:23:04Z
2542535,2009-06-10T02:23:06Z
3821780,2009-06-10T02:23:14Z
1854747,2009-06-10T02:23:17Z
3296003,2009-06-10T02:23:23Z
3277669,2009-06-10T02:31:49Z
3834267,2009-06-10T02:31:52Z
3620689,2009-06-10T02:32:00Z
1655968,2009-06-10T02:32:06Z
2373587,2009-06-10T02:32:10Z
5083276,2009-06-10T02:32:18Z
3916622,2009-06-10T02:32:22Z
2557287,2009-06-10T02:32:29Z
5363575,2009-06-10T02:32:34Z
1003034,2009-06-10T02:32:36Z
2659088,2009-06-10T02:32:46Z
1710514,2009-06-10T02:32:53Z
2827996,2009-06-10T02:34:40Z
16195161,2009-06-10T02:34:52Z
5239686,2009-06-10T02:35:01Z
2224828,2009-06-10T02:35:05Z
2656860,2009-06-10T02:35:14Z
4153340,2009-06-10T02:35:22Z
4206464,2009-06-10T02:35:31Z
3375732,2009-06-10T02:35:40Z
5212784,2009-06-10T02:35:49Z
3404032,2009-06-10T02:35:57Z
3487541,2009-06-10T02:36:03Z
10592697,2009-06-10T03:05:53Z
2703782,2009-06-10T14:15:36Z
2099669,2009-06-10T14:15:42Z
3331032,2009-06-10T14:15:45Z
2805675,2009-06-10T14:15:49Z
1548078,2009-06-10T14:15:52Z
3083780,2009-06-10T14:15:53Z
2394259,2009-06-10T14:15:58Z
2851127,2009-06-10T14:16:01Z
1258129,2009-06-10T14:16:06Z
1363805,2009-06-10T14:16:09Z
2701364,2009-06-10T14:16:13Z
5049973,2009-06-10T14:16:19Z
5168998,2009-06-10T14:18:18Z
5136054,2009-06-10T14:18:21Z
1618847,2009-06-10T14:18:27Z
3241499,2009-06-10T14:18:56Z
4525312,2009-06-10T14:19:01Z
1727393,2009-06-10T14:19:02Z
991915,2009-06-10T14:19:07Z
3350539,2009-06-10T14:19:09Z
1134053,2009-06-10T14:19:14Z
1176597,2009-06-10T14:19:16Z
1581929,2009-06-10T14:19:20Z
2912602,2009-06-10T14:19:25Z
4585590,2009-06-10T14:19:29Z
3966657,2009-06-10T14:19:32Z
2294211,2009-06-10T14:19:37Z
3895174,2009-06-10T14:19:41Z
3076956,2009-06-10T14:19:43Z
1598951,2009-06-10T14:19:46Z
2441487,2009-06-10T14:19:49Z
1789219,2009-06-10T14:19:54Z
1559522,2009-06-10T14:22:20Z
2527380,2009-06-10T14:22:24Z
2606204,2009-06-10T14:22:24Z
2865001,2009-06-10T14:22:29Z
6011408,2009-06-10T14:22:33Z
1942122,2009-06-10T14:22:35Z
3776068,2009-06-10T14:22:37Z
2404479,2009-06-10T14:22:40Z
3985931,2009-06-10T14:22:45Z
991949,2009-06-10T14:22:47Z
5848966,2009-06-10T14:22:52Z
4210780,2009-06-10T14:22:55Z
1008045,2009-06-10T14:22:56Z
1867084,2009-06-10T14:23:02Z
4551783,2009-06-10T14:23:02Z
3136511,2009-06-10T14:23:06Z
1164171,2009-06-10T14:23:09Z
3253191,2009-06-10T14:23:13Z
4121255,2009-06-10T14:23:15Z
3026721,2009-06-10T14:23:16Z
5233632,2009-06-10T14:23:20Z
16194751,2009-06-10T14:23:23Z
1078125,2009-06-10T14:23:25Z
2125862,2009-06-10T14:26:56Z
3424801,2009-06-10T14:26:58Z
1009801,2009-06-10T14:27:04Z
3077880,2009-06-10T14:27:04Z
5144457,2009-06-10T14:27:09Z
5493518,2009-06-10T14:27:12Z
1406553,2009-06-10T14:27:16Z
16195138,2009-06-10T14:27:19Z
2872325,2009-06-10T14:27:23Z
1072724,2009-06-10T14:27:24Z
4244808,2009-06-10T14:27:31Z
2725487,2009-06-10T14:27:32Z
1143727,2009-06-10T14:27:36Z
5488397,2009-06-10T14:27:37Z
4464662,2009-06-10T14:27:40Z
2348794,2009-06-10T14:27:47Z
4172830,2009-06-10T14:27:47Z
1146350,2009-06-10T14:27:51Z
2531323,2009-06-10T14:27:53Z
3485520,2009-06-10T14:27:56Z
2395893,2009-06-10T14:28:03Z
16195522,2009-06-10T14:28:03Z
16195242,2009-06-10T14:29:52Z
16195373,2009-06-10T14:29:54Z
1131845,2009-06-10T14:29:58Z
1471918,2009-06-10T14:29:59Z
1391676,2009-06-10T14:30:03Z
4257477,2009-06-10T14:30:09Z
5091488,2009-06-10T14:30:13Z
3183761,2009-06-10T14:30:14Z
2856154,2009-06-10T14:30:22Z
1146366,2009-06-10T14:30:25Z
4879064,2009-06-10T14:30:28Z
16195507,2009-06-10T14:30:31Z
2251887,2009-06-10T14:30:33Z
1185908,2009-06-10T14:30:38Z
2678769,2009-06-10T14:30:39Z
3042006,2009-06-10T14:30:43Z
2442429,2009-06-10T14:30:48Z
16194851,2009-06-10T14:30:53Z
3667571,2009-06-10T14:31:00Z
1290122,2009-06-10T14:31:04Z
3419501,2009-06-10T14:32:19Z
2632118,2009-06-10T14:32:25Z
2771442,2009-06-10T14:32:44Z
4451431,2009-06-10T14:32:46Z
2968534,2009-06-10T14:32:49Z
16195327,2009-06-10T14:32:52Z
4098306,2009-06-10T14:32:58Z
16194994,2009-06-10T14:32:59Z
2955304,2009-06-10T14:33:05Z
5915072,2009-06-10T14:33:09Z
1351240,2009-06-10T14:33:11Z
3013772,2009-06-10T14:33:15Z
1790962,2009-06-10T14:33:18Z
16195614,2009-06-10T14:33:20Z
3980093,2009-06-10T14:33:22Z
1725491,2009-06-10T14:33:28Z
4394139,2009-06-10T14:33:32Z
3238320,2009-06-10T14:33:34Z
3978956,2009-06-10T14:33:36Z
2225489,2009-06-10T14:33:39Z
1968353,2009-06-10T14:33:43Z
3725524,2009-06-10T14:33:47Z
3341209,2009-06-10T14:33:49Z
17147598,2009-06-10T14:33:51Z
1802586,2009-06-10T14:33:56Z
5164191,2009-06-10T14:34:49Z
1918194,2009-06-10T14:34:50Z
2852277,2009-06-10T14:34:55Z
5637721,2009-06-10T14:34:57Z
3292451,2009-06-10T14:35:00Z
4834031,2009-06-10T14:35:06Z
16194703,2009-06-10T14:35:10Z
2097299,2009-06-10T14:35:13Z
4580811,2009-06-10T14:35:15Z
2821286,2009-06-10T14:35:18Z
1963557,2009-06-10T14:35:22Z
3452823,2009-06-10T14:35:25Z
2139046,2009-06-10T14:35:28Z
2388753,2009-06-10T14:35:32Z
1238880,2009-06-10T14:35:36Z
2442528,2009-06-10T14:35:37Z
1077342,2009-06-10T14:35:40Z
5445100,2009-06-10T14:35:43Z
1040935,2009-06-10T14:35:46Z
3013601,2009-06-10T14:35:49Z
6061387,2009-06-10T14:35:53Z
2356589,2009-06-10T14:35:54Z
4897902,2009-06-10T14:35:58Z
4269075,2009-06-10T14:36:01Z
3563162,2009-06-10T14:37:43Z
16194620,2009-06-10T14:37:44Z
3374171,2009-06-10T14:37:51Z
3953584,2009-06-10T14:37:52Z
16195283,2009-06-10T14:37:53Z
2894451,2009-06-10T14:37:56Z
1931452,2009-06-10T14:38:02Z
2827256,2009-06-10T14:38:04Z
2370736,2009-06-10T14:38:07Z
3675146,2009-06-10T14:38:14Z
1393394,2009-06-10T14:40:42Z
1240951,2009-06-10T14:40:45Z
1170887,2009-06-10T14:40:46Z
5405936,2009-06-10T14:40:50Z
2901373,2009-06-10T14:40:53Z
1699874,2009-06-10T14:40:55Z
1232813,2009-06-10T14:40:59Z
1280480,2009-06-10T14:41:03Z
16194765,2009-06-10T14:41:04Z
4327513,2009-06-10T14:41:10Z
1007625,2009-06-10T14:41:13Z
3148818,2009-06-10T14:41:19Z
2803008,2009-06-10T14:41:22Z
5849692,2009-06-10T14:41:26Z
2924112,2009-06-10T14:41:28Z
2228578,2009-06-10T14:41:31Z
2950038,2009-06-10T14:41:35Z
5935484,2009-06-10T14:41:38Z
2026152,2009-06-10T14:41:41Z
2446341,2009-06-10T14:41:45Z
2045622,2009-06-10T14:41:47Z
16194682,2009-06-10T14:41:50Z
3098598,2009-06-10T14:42:17Z
1480101,2009-06-10T14:43:46Z
4517815,2009-06-10T14:43:51Z
16194562,2009-06-10T14:43:53Z
3952943,2009-06-10T14:43:58Z
2037123,2009-06-10T14:43:59Z
5429926,2009-06-10T14:44:02Z
3274051,2009-06-10T14:44:07Z
1055545,2009-06-10T14:44:10Z
5311896,2009-06-10T14:44:13Z
2770640,2009-06-10T14:44:25Z
2468862,2009-06-10T14:50:00Z
3245048,2009-06-10T14:50:01Z
2463203,2009-06-10T14:50:07Z
3202132,2009-06-10T14:50:09Z
2226450,2009-06-10T14:50:11Z
3731218,2009-06-10T14:50:14Z
1058046,2009-06-10T14:50:18Z
4583989,2009-06-10T14:50:23Z
2111927,2009-06-10T14:50:25Z
1676896,2009-06-10T14:50:28Z
4499470,2009-06-10T14:50:32Z
5549604,2009-06-10T14:50:36Z
4550030,2009-06-10T14:50:39Z
3218755,2009-06-10T14:50:42Z
3462008,2009-06-10T14:50:46Z
2309471,2009-06-10T14:50:49Z
4786852,2009-06-10T14:50:54Z
1143233,2009-06-10T14:50:58Z
3640504,2009-06-10T14:50:58Z
16195024,2009-06-10T14:51:00Z
4193619,2009-06-10T14:51:05Z
3177587,2009-06-10T14:51:07Z
5490028,2009-06-10T14:51:10Z
3120286,2009-06-10T14:51:15Z
3392055,2009-06-10T14:51:19Z
1438914,2009-06-10T14:51:22Z
2698756,2009-06-10T14:54:26Z
3565501,2009-06-10T14:54:27Z
3817376,2009-06-10T14:54:32Z
3513187,2009-06-10T14:54:34Z
1966041,2009-06-10T14:54:40Z
1643505,2009-06-10T14:54:43Z
3713486,2009-06-10T14:54:48Z
3882258,2009-06-10T14:54:51Z
2676735,2009-06-10T14:54:52Z
3453961,2009-06-10T14:54:55Z
1498193,2009-06-10T14:55:43Z
16195436,2009-06-10T17:21:24Z
4254087,2009-06-10T17:21:27Z
2599223,2009-06-10T17:21:30Z
5793044,2009-06-10T17:21:32Z
1822393,2009-06-10T17:21:36Z
3316413,2009-06-10T17:21:38Z
1956291,2009-06-10T17:21:41Z
3462370,2009-06-10T17:21:44Z
1040967,2009-06-10T17:21:47Z
2272599,2009-06-10T17:21:53Z
5686533,2009-06-10T17:21:58Z
3156056,2009-06-10T17:21:59Z
2741746,2009-06-10T17:22:04Z
16181342,2009-06-10T17:22:07Z
2891467,2009-06-10T17:22:10Z
2732982,2009-06-10T17:22:13Z
3009979,2009-06-10T17:22:15Z
2013269,2009-06-10T17:22:19Z
1159282,2009-06-10T17:22:22Z
2533098,2009-06-10T17:22:24Z
1699904,2009-06-10T17:22:26Z
2438568,2009-06-10T17:22:30Z
3176446,2009-06-10T17:22:32Z
1396767,2009-06-10T17:22:34Z
3459732,2009-06-10T17:22:38Z
2064960,2009-06-10T17:22:40Z
3138645,2009-06-10T17:22:43Z
3411021,2009-06-10T17:24:33Z
5105240,2009-06-10T17:24:37Z
3087225,2009-06-10T17:24:39Z
16195418,2009-06-10T17:24:42Z
2944577,2009-06-10T17:24:48Z
3901086,2009-06-10T17:24:50Z
1243183,2009-06-10T17:24:51Z
3569999,2009-06-10T17:24:55Z
2338281,2009-06-10T17:24:58Z
2594960,2009-06-10T17:25:04Z
1579140,2009-06-10T17:25:06Z
5628786,2009-06-10T17:25:11Z
4960373,2009-06-10T17:25:14Z
3952079,2009-06-10T17:25:17Z
2748484,2009-06-10T17:25:19Z
1146192,2009-06-10T17:25:23Z
1188255,2009-06-10T17:25:24Z
2189487,2009-06-10T17:25:27Z
2516425,2009-06-10T17:25:30Z
2855502,2009-06-10T17:25:32Z
3647894,2009-06-10T17:25:35Z
2439698,2009-06-10T17:26:32Z
1174029,2009-06-10T17:26:36Z
4693877,2009-06-10T17:26:44Z
2367391,2009-06-10T17:26:45Z
1149860,2009-06-10T17:26:48Z
2835680,2009-06-10T17:26:50Z
16181377,2009-06-10T17:26:53Z
2620572,2009-06-10T17:26:56Z
2019681,2009-06-10T17:26:59Z
3265562,2009-06-10T17:27:01Z
5192211,2009-06-10T17:27:04Z
4862173,2009-06-10T17:27:08Z
1767465,2009-06-10T17:27:11Z
3639995,2009-06-10T17:27:14Z
4660534,2009-06-10T17:27:18Z
16194866,2009-06-10T17:27:19Z
5124822,2009-06-10T17:27:25Z
5109689,2009-06-10T17:27:26Z
5269334,2009-06-10T17:27:26Z
4182878,2009-06-10T17:27:31Z
2968616,2009-06-10T17:27:34Z
5132324,2009-06-10T17:27:36Z
2315571,2009-06-10T17:27:39Z
1581458,2009-06-10T17:27:41Z
3514313,2009-06-10T17:27:45Z
5386766,2009-06-10T17:27:48Z
4563805,2009-06-10T17:27:50Z
4574502,2009-06-10T17:27:55Z
2786443,2009-06-10T17:27:57Z
5832777,2009-06-10T17:28:03Z
2891563,2009-06-10T17:28:51Z
1130882,2009-06-10T17:29:35Z
2376073,2009-06-10T17:29:50Z
4777359,2009-06-10T17:29:54Z
4448972,2009-06-10T17:29:55Z
3327760,2009-06-10T17:29:57Z
2618065,2009-06-10T17:30:01Z
3378520,2009-06-10T17:30:02Z
3827815,2009-06-10T17:30:04Z
1969506,2009-06-10T17:30:10Z
4695921,2009-06-10T17:30:14Z
5918666,2009-06-10T17:30:15Z
1771610,2009-06-10T17:30:17Z
2303107,2009-06-10T17:30:20Z
4783755,2009-06-10T17:30:25Z
2827894,2009-06-10T17:30:26Z
1089035,2009-06-10T17:30:31Z
3295969,2009-06-10T17:30:35Z
2467230,2009-06-10T17:30:36Z
16194900,2009-06-10T17:30:40Z
3143234,2009-06-10T17:33:41Z
3833504,2009-06-10T17:33:42Z
1204323,2009-06-10T17:33:47Z
1293006,2009-06-10T17:33:47Z
2296084,2009-06-10T17:33:54Z
1642961,2009-06-10T17:33:57Z
2806262,2009-06-10T17:33:58Z
4428811,2009-06-10T17:34:00Z
2368246,2009-06-10T17:34:05Z
1230515,2009-06-10T17:34:06Z
3410068,2009-06-10T17:34:08Z
5731441,2009-06-10T17:34:12Z
2520563,2009-06-10T17:34:14Z
17147128,2009-06-10T17:34:16Z
16195091,2009-06-10T17:34:19Z
1582613,2009-06-10T17:34:21Z
4580720,2009-06-10T17:34:23Z
2339639,2009-06-10T17:34:26Z
4055718,2009-06-10T17:34:29Z
2743572,2009-06-10T17:34:31Z
4677084,2009-06-10T17:34:34Z
2238147,2009-06-10T17:34:35Z
3613870,2009-06-10T17:34:39Z
1029816,2009-06-10T17:34:42Z
1172206,2009-06-10T17:34:43Z
1009685,2009-06-10T17:35:36Z
4574621,2009-06-10T17:35:57Z
4267626,2009-06-10T17:35:59Z
1669071,2009-06-10T17:36:02Z
4978252,2009-06-10T17:36:03Z
3180268,2009-06-10T17:36:07Z
3502627,2009-06-10T17:36:09Z
12502805,2009-06-10T17:36:12Z
3250785,2009-06-10T17:36:13Z
1724368,2009-06-10T17:36:15Z
3376088,2009-06-10T17:36:20Z
2223057,2009-06-10T17:36:23Z
5565016,2009-06-10T17:36:24Z
1961315,2009-06-10T17:36:26Z
3229721,2009-06-10T17:36:28Z
4412704,2009-06-10T17:36:30Z
1210539,2009-06-10T17:36:34Z
4313016,2009-06-10T17:36:37Z
3040438,2009-06-10T17:36:39Z
2107613,2009-06-10T17:36:42Z
3299202,2009-06-10T17:37:22Z
2802015,2009-06-10T17:37:25Z
4287762,2009-06-10T17:37:27Z
2642087,2009-06-10T17:37:30Z
3510441,2009-06-10T17:37:33Z
5301327,2009-06-10T17:37:35Z
3020132,2009-06-10T17:37:38Z
1040944,2009-06-10T17:37:42Z
2415020,2009-06-10T17:37:43Z
1001588,2009-06-10T17:37:45Z
2800832,2009-06-10T17:37:49Z
2609291,2009-06-10T17:37:52Z
2868907,2009-06-10T17:37:54Z
3535634,2009-06-10T17:37:57Z
5000387,2009-06-10T17:37:58Z
3503004,2009-06-10T17:38:01Z
3134524,2009-06-10T17:38:05Z
4701620,2009-06-10T17:38:06Z
2524192,2009-06-10T17:38:10Z
3521534,2009-06-10T17:38:10Z
2620008,2009-06-10T17:38:14Z
16195481,2009-06-10T17:39:25Z
4253371,2009-06-10T17:39:29Z
5625844,2009-06-10T17:39:30Z
16195402,2009-06-10T17:39:32Z
2701718,2009-06-10T17:39:35Z
1417969,2009-06-10T17:39:37Z
3327750,2009-06-10T17:39:39Z
1146315,2009-06-10T17:39:42Z
1907362,2009-06-10T17:39:45Z
2797383,2009-06-10T17:39:47Z
16194665,2009-06-10T17:40:24Z
19264676,2009-06-10T17:40:25Z
16195563,2009-06-10T17:40:28Z
3073617,2009-06-10T17:40:31Z
4586448,2009-06-10T17:40:32Z
1244337,2009-06-10T17:40:34Z
3352281,2009-06-10T17:40:37Z
4698712,2009-06-10T17:40:40Z
3034924,2009-06-10T17:40:41Z
4152032,2009-06-10T17:40:44Z
3314992,2009-06-10T17:40:47Z
1936392,2009-06-10T17:40:50Z
1259571,2009-06-10T17:40:51Z
4428727,2009-06-10T17:40:55Z
3807507,2009-06-10T17:40:56Z
1702250,2009-06-10T17:41:00Z
4598934,2009-06-10T17:41:02Z
3579619,2009-06-10T17:41:05Z
1595977,2009-06-10T17:41:07Z
2467073,2009-06-10T17:41:10Z
5170664,2009-06-10T17:41:12Z
1738980,2009-06-10T17:41:16Z
3050042,2009-06-10T17:41:19Z
2577865,2009-06-10T17:41:22Z
3034999,2009-06-10T17:41:25Z
5536080,2009-06-10T17:41:29Z
1408609,2009-06-10T17:41:30Z
1966343,2009-06-10T17:42:11Z
1009108,2009-06-10T17:42:14Z
1305571,2009-06-10T17:42:16Z
4529432,2009-06-10T17:42:18Z
4285750,2009-06-10T17:42:21Z
994362,2009-06-10T17:42:24Z
4555664,2009-06-10T17:42:27Z
3083130,2009-06-10T17:42:29Z
4606197,2009-06-10T17:42:29Z
3524857,2009-06-10T17:42:33Z
2867470,2009-06-10T17:45:19Z
16195052,2009-06-10T17:45:21Z
3923649,2009-06-10T17:45:26Z
2673354,2009-06-10T17:46:01Z
4195371,2009-06-10T17:46:04Z
2099244,2009-06-10T17:46:06Z
2404939,2009-06-10T17:46:08Z
2828454,2009-06-10T17:46:11Z
2835450,2009-06-10T17:46:14Z
1966759,2009-06-10T17:46:16Z
4923063,2009-06-10T17:46:18Z
2342245,2009-06-10T17:46:22Z
2606068,2009-06-10T17:46:25Z
1811222,2009-06-10T17:46:26Z
1140924,2009-06-10T17:46:31Z
3044723,2009-06-10T17:46:31Z
4819285,2009-06-10T17:46:37Z
1017318,2009-06-10T17:46:38Z
4137924,2009-06-10T17:46:38Z
1212818,2009-06-10T17:46:41Z
2282922,2009-06-10T17:46:45Z
4397563,2009-06-10T17:46:48Z
2243746,2009-06-10T17:46:51Z
2964586,2009-06-10T17:46:53Z
1074956,2009-06-10T17:46:57Z
3789981,2009-06-10T17:46:57Z
16194734,2009-06-10T17:47:01Z
5335487,2009-06-10T17:47:06Z
2453790,2009-06-10T17:47:09Z
3507220,2009-06-10T17:47:12Z
1483985,2009-06-10T17:47:15Z
16194827,2009-06-10T17:47:18Z
1662413,2009-06-10T17:47:20Z
16195191,2009-06-10T17:48:17Z
2872226,2009-06-10T17:48:19Z
2729139,2009-06-10T17:48:22Z
16194887,2009-06-10T17:48:24Z
2857288,2009-06-10T17:48:26Z
4756364,2009-06-10T17:48:29Z
3239128,2009-06-10T17:48:31Z
16194650,2009-06-10T17:48:32Z
2728443,2009-06-10T17:49:53Z
2817592,2009-06-10T17:49:55Z
4606903,2009-06-10T17:49:58Z
3365620,2009-06-10T17:50:01Z
4173974,2009-06-10T17:50:03Z
4397961,2009-06-10T17:50:07Z
2617158,2009-06-10T17:50:09Z
6023386,2009-06-10T17:50:14Z
3297662,2009-06-10T17:50:57Z
1106391,2009-06-10T17:51:04Z
2529653,2009-06-10T17:51:06Z
5543204,2009-06-10T17:51:09Z
5438760,2009-06-10T17:51:11Z
5829315,2009-06-10T17:51:16Z
4400076,2009-06-10T17:51:19Z
3497550,2009-06-10T17:51:20Z
2267319,2009-06-10T17:51:22Z
3591863,2009-06-10T17:51:24Z
2277488,2009-06-10T17:51:28Z
3629568,2009-06-10T17:51:32Z
2034151,2009-06-10T17:51:33Z
2537278,2009-06-10T17:51:35Z
4435595,2009-06-10T17:51:38Z
1634560,2009-06-10T17:51:40Z
3010517,2009-06-10T17:51:44Z
1939060,2009-06-10T17:51:45Z
3194015,2009-06-10T17:51:50Z
2849251,2009-06-10T17:51:51Z
1644703,2009-06-10T17:51:54Z
16194728,2009-06-10T17:51:57Z
2900603,2009-06-10T17:52:01Z
16194784,2009-06-10T17:52:02Z
3375663,2009-06-10T17:52:05Z
1777845,2009-06-10T17:52:07Z
2755205,2009-06-10T17:52:11Z
3126327,2009-06-10T17:52:13Z
3014100,2009-06-10T17:52:15Z
3244713,2009-06-10T17:52:17Z
3248279,2009-06-10T17:53:21Z
5459355,2009-06-10T17:53:45Z
4919101,2009-06-10T17:53:55Z
16194637,2009-06-10T17:53:56Z
2019441,2009-06-10T17:53:59Z
3982844,2009-06-10T17:54:01Z
1641016,2009-06-10T17:54:04Z
1041397,2009-06-10T17:54:06Z
1611287,2009-06-10T17:54:11Z
1754401,2009-06-10T17:54:12Z
4358913,2009-06-10T17:54:17Z
2070581,2009-06-10T17:54:19Z
3237281,2009-06-10T17:54:22Z
4920644,2009-06-10T17:54:24Z
1209555,2009-06-10T17:54:28Z
3338223,2009-06-10T17:54:30Z
1252963,2009-06-10T17:54:32Z
4040095,2009-06-10T17:54:37Z
1349112,2009-06-10T17:54:38Z
2115184,2009-06-10T17:54:40Z
1088470,2009-06-10T17:54:42Z
2596514,2009-06-10T17:54:44Z
5049854,2009-06-10T17:54:49Z
5901173,2009-06-10T17:54:52Z
16195038,2009-06-10T17:54:52Z
2137862,2009-06-10T17:55:00Z
5346504,2009-06-10T17:55:02Z
3825791,2009-06-10T17:55:04Z
4224330,2009-06-10T17:55:09Z
16194843,2009-06-10T17:55:11Z
1675411,2009-06-10T17:55:13Z
3890852,2009-06-10T17:55:15Z
3350456,2009-06-10T17:55:22Z
3319260,2009-06-10T17:56:22Z
1060120,2009-06-10T17:56:23Z
2077858,2009-06-10T17:56:27Z
2156116,2009-06-10T17:56:30Z
1234595,2009-06-10T17:56:34Z
2054792,2009-06-10T17:56:35Z
5622347,2009-06-10T17:56:36Z
4018418,2009-06-10T17:56:39Z
2898849,2009-06-10T17:56:44Z
4850910,2009-06-10T17:56:46Z
3340597,2009-06-10T17:56:48Z
2616034,2009-06-10T17:56:50Z
3135627,2009-06-10T17:56:53Z
3242772,2009-06-10T17:56:56Z
3287505,2009-06-10T17:56:58Z
2049439,2009-06-10T17:57:01Z
3517096,2009-06-10T17:57:03Z
1943791,2009-06-10T17:57:06Z
16195010,2009-06-10T17:57:07Z
2295044,2009-06-10T17:57:11Z
4537646,2009-06-10T17:57:15Z
4915287,2009-06-10T17:57:17Z
1320308,2009-06-10T17:57:18Z
3538228,2009-06-10T18:05:46Z
1181188,2009-06-10T18:05:49Z
1521183,2009-06-10T18:05:52Z
1247769,2009-06-10T18:05:54Z
3544557,2009-06-10T18:05:56Z
2960896,2009-06-10T18:05:59Z
5210986,2009-06-10T18:06:02Z
1566710,2009-06-10T18:06:03Z
16194807,2009-06-10T18:06:06Z
2881303,2009-06-10T18:06:10Z
2644315,2009-06-10T18:06:12Z
2206534,2009-06-10T18:06:14Z
1768753,2009-06-10T18:06:16Z
4482747,2009-06-10T18:06:21Z
5779837,2009-06-10T18:06:22Z
3566709,2009-06-10T18:06:26Z
17147377,2009-06-10T18:07:04Z
1932003,2009-06-10T18:07:08Z
4032428,2009-06-10T18:07:09Z
2591184,2009-06-10T18:07:11Z
2175969,2009-06-10T18:07:16Z
1320090,2009-06-10T18:07:17Z
1504373,2009-06-10T18:07:18Z
1391756,2009-06-10T18:07:42Z
15759977,2009-06-10T18:07:43Z
1549754,2009-06-10T18:07:46Z
4276121,2009-06-10T18:07:50Z
2914750,2009-06-10T18:07:55Z
2133288,2009-06-10T18:07:57Z
1121456,2009-06-10T18:08:10Z
3795168,2009-06-10T18:08:10Z
3438123,2009-06-10T18:08:37Z
1356716,2009-06-10T18:08:41Z
1149917,2009-06-10T18:08:42Z
3964894,2009-06-10T18:08:44Z
2880274,2009-06-10T18:08:48Z
1230550,2009-06-10T18:08:51Z
3610527,2009-06-10T18:08:53Z
5692855,2009-06-10T18:08:56Z
2249703,2009-06-10T18:08:59Z
2735154,2009-06-10T18:09:03Z
5051918,2009-06-10T18:09:05Z
1904061,2009-06-10T18:09:07Z
3579602,2009-06-10T18:09:12Z
3288069,2009-06-10T18:09:14Z
2879350,2009-06-10T18:09:15Z
2857291,2009-06-10T18:09:17Z
1734379,2009-06-10T18:09:23Z
2078188,2009-06-10T18:09:25Z
5886465,2009-06-10T18:09:27Z
1213197,2009-06-10T18:09:31Z
2133988,2009-06-10T18:09:33Z
1799111,2009-06-10T18:09:36Z
3619805,2009-06-10T18:09:40Z
1699925,2009-06-10T18:09:41Z
5320845,2009-06-10T18:09:43Z
4017008,2009-06-10T18:09:47Z
1725339,2009-06-10T18:09:51Z
5082436,2009-06-10T18:09:53Z
2095635,2009-06-10T18:09:54Z
3689818,2009-06-10T18:09:56Z
3162030,2009-06-10T18:10:45Z
1970404,2009-06-10T18:10:47Z
1181164,2009-06-10T18:10:49Z
2374882,2009-06-10T18:10:53Z
2622596,2009-06-10T18:10:55Z
5515244,2009-06-10T18:10:57Z
2929632,2009-06-10T18:11:01Z
5675470,2009-06-10T18:11:05Z
2930052,2009-06-10T18:11:06Z
2865450,2009-06-10T19:13:02Z
23139866,2009-06-15T15:10:47Z
23168817,2009-06-18T17:01:22Z
23186620,2009-06-19T01:15:26Z
23254418,2009-06-24T16:33:55Z
23267312,2009-06-25T22:39:48Z
23274557,2009-06-26T12:13:40Z
23292233,2009-06-27T17:57:27Z
23298617,2009-06-28T03:12:27Z
23376430,2009-07-01T21:14:01Z
23452173,2009-07-08T06:47:57Z
23462061,2009-07-09T01:49:39Z
23483186,2009-07-11T01:20:29Z
23484510,2009-07-11T04:00:53Z
23521777,2009-07-14T14:15:12Z
12650501,2009-07-17T01:45:04Z
23559757,2009-07-17T15:26:52Z
23609314,2009-07-22T00:06:58Z
23698664,2009-07-29T16:56:15Z
4311428,2009-08-06T20:19:53Z
23829045,2009-08-09T08:29:54Z
23817579,2009-08-10T03:38:16Z
23731153,2009-08-11T09:34:06Z
23889225,2009-08-13T17:32:19Z
23938958,2009-08-19T03:35:08Z
24009959,2009-08-24T01:22:52Z
24020019,2009-08-25T11:33:32Z
24044348,2009-08-26T16:04:01Z
24055528,2009-08-28T02:02:36Z
24057991,2009-08-28T11:00:39Z
24087442,2009-08-30T18:54:34Z
24133768,2009-09-04T12:35:04Z
24183103,2009-09-08T16:08:55Z
24228148,2009-09-14T19:43:03Z
24266125,2009-09-15T02:34:14Z
24383582,2009-09-26T03:41:30Z
24393592,2009-09-26T03:47:13Z
24388422,2009-09-26T03:56:18Z
24402092,2009-09-26T22:49:12Z
24448321,2009-10-01T19:59:30Z
24394194,2009-10-13T02:41:34Z
24630670,2009-10-17T11:45:17Z
24638782,2009-10-18T00:21:27Z
24677821,2009-10-21T12:53:00Z
24731531,2009-10-25T08:47:43Z
24787578,2009-10-29T22:24:34Z
24772453,2009-11-01T15:25:57Z
24830796,2009-11-02T15:50:27Z
24877944,2009-11-09T17:20:06Z
24941120,2009-11-10T11:00:10Z
24999009,2009-11-14T20:10:42Z
25013325,2009-11-15T23:57:53Z
25009948,2009-11-16T22:29:21Z
25024766,2009-11-17T00:48:46Z
25028516,2009-11-17T03:34:22Z
25072000,2009-11-20T23:28:30Z
25101545,2009-11-23T21:14:26Z
25117091,2009-11-26T19:09:56Z
25038384,2009-11-26T23:35:38Z
25282529,2009-12-10T01:56:13Z
25268087,2009-12-10T17:41:34Z
25355036,2009-12-15T05:06:49Z
25268354,2009-12-20T08:29:43Z
25483616,2009-12-26T01:47:10Z
25537993,2009-12-30T21:17:54Z
25670929,2010-01-11T19:35:33Z
25723673,2010-01-16T17:06:43Z
25778415,2010-01-20T17:19:39Z
25854052,2010-01-25T23:32:37Z
25899231,2010-01-29T09:39:26Z
25954168,2010-02-02T12:20:06Z
25844480,2010-02-04T16:01:26Z
25979755,2010-02-04T16:03:35Z
26021587,2010-02-09T02:05:24Z
26034256,2010-02-09T10:16:55Z
26041705,2010-02-09T19:42:15Z
26072172,2010-02-12T03:54:29Z
26118102,2010-02-15T10:43:01Z
26297839,2010-03-01T20:50:43Z
26477537,2010-03-09T19:48:35Z
26463487,2010-03-09T19:48:49Z
26463733,2010-03-09T19:48:56Z
26463634,2010-03-09T19:48:58Z
26477572,2010-03-09T19:49:01Z
26477277,2010-03-09T19:49:09Z
26464147,2010-03-09T19:49:10Z
26464256,2010-03-09T19:49:24Z
26477356,2010-03-09T19:49:30Z
26463832,2010-03-09T19:49:32Z
26477706,2010-03-09T19:49:36Z
26477649,2010-03-09T19:49:38Z
26463795,2010-03-09T19:49:40Z
26464050,2010-03-09T19:49:46Z
26477405,2010-03-09T19:50:00Z
26477293,2010-03-09T19:50:09Z
26464191,2010-03-09T19:50:45Z
26463692,2010-03-09T19:51:04Z
26464211,2010-03-09T19:51:33Z
26463341,2010-03-09T19:51:35Z
26477826,2010-03-09T19:51:38Z
26463996,2010-03-09T19:51:41Z
26477779,2010-03-09T19:51:45Z
26475158,2010-03-09T19:51:51Z
26477483,2010-03-09T19:52:39Z
26463528,2010-03-09T19:52:40Z
26475380,2010-03-09T19:52:46Z
26477790,2010-03-09T19:52:55Z
26463758,2010-03-09T19:53:00Z
26477845,2010-03-09T19:53:31Z
26464160,2010-03-09T19:53:34Z
26464223,2010-03-09T19:53:37Z
26477421,2010-03-09T19:53:40Z
26463233,2010-03-09T19:53:44Z
26477641,2010-03-09T19:54:08Z
26477321,2010-03-09T19:54:12Z
26463325,2010-03-09T19:54:48Z
26477388,2010-03-09T19:54:52Z
26477544,2010-03-09T19:54:58Z
26477371,2010-03-09T19:55:16Z
26477672,2010-03-09T19:55:24Z
26463683,2010-03-09T19:55:30Z
26463661,2010-03-09T19:55:36Z
26464019,2010-03-09T19:55:38Z
26477339,2010-03-09T19:55:43Z
26464171,2010-03-09T19:55:58Z
26477512,2010-03-09T19:56:00Z
26463843,2010-03-09T19:56:09Z
26463284,2010-03-09T19:56:22Z
26477595,2010-03-09T19:56:28Z
26477689,2010-03-09T19:56:32Z
26463469,2010-03-09T19:56:36Z
26463556,2010-03-09T19:56:38Z
26477610,2010-03-09T19:56:40Z
26477736,2010-03-09T19:56:42Z
26463357,2010-03-09T19:56:44Z
26463265,2010-03-09T19:56:46Z
26463707,2010-03-09T19:56:49Z
26475098,2010-03-09T19:56:52Z
26477306,2010-03-09T19:56:56Z
26475125,2010-03-09T19:56:59Z
26463957,2010-03-09T19:57:05Z
26477764,2010-03-09T19:57:09Z
26463780,2010-03-09T19:57:12Z
26477748,2010-03-09T19:57:25Z
26477522,2010-03-09T19:57:33Z
26464251,2010-03-09T19:57:36Z
26477500,2010-03-09T19:57:40Z
26463868,2010-03-09T19:57:43Z
26477578,2010-03-09T19:57:49Z
26477462,2010-03-09T19:57:52Z
26475586,2010-03-09T19:57:59Z
26477664,2010-03-09T19:58:03Z
26463814,2010-03-09T19:58:06Z
26463509,2010-03-09T19:58:12Z
26463568,2010-03-09T19:58:13Z
26464237,2010-03-09T19:58:24Z
26463975,2010-03-09T19:58:30Z
26477807,2010-03-09T19:58:44Z
26419943,2010-03-11T20:23:52Z
12525857,2010-04-04T06:33:45Z
26759553,2010-04-06T09:47:14Z
26810985,2010-04-10T16:57:40Z
10430325,2010-04-15T00:14:33Z
26882756,2010-04-16T16:26:21Z
26933424,2010-04-20T00:01:21Z
26963473,2010-04-22T14:45:38Z
26952200,2010-04-24T00:41:01Z
26980529,2010-04-24T01:21:12Z
26957508,2010-04-24T18:29:34Z
27074518,2010-05-01T16:37:21Z
27110424,2010-05-03T00:55:04Z
10853159,2010-05-06T12:12:02Z
27331695,2010-05-19T18:13:59Z
27332557,2010-05-20T07:31:07Z
27265105,2010-05-23T03:19:17Z
27369278,2010-05-23T14:30:40Z
27437065,2010-05-31T18:28:24Z
27512827,2010-06-05T06:36:13Z
27568730,2010-06-11T16:13:15Z
27631540,2010-06-16T14:43:40Z
27681707,2010-06-21T12:40:19Z
27551194,2010-06-22T01:20:45Z
27700257,2010-06-27T10:51:13Z
4606225,2010-07-04T23:06:29Z
4627030,2010-07-04T23:07:37Z
3621491,2010-07-04T23:08:40Z
6329219,2010-07-04T23:20:03Z
9395845,2010-07-04T23:29:13Z
27890212,2010-07-06T18:55:01Z
27913144,2010-07-09T06:04:44Z
13922687,2010-07-22T20:18:38Z
28074073,2010-07-25T17:59:59Z
28072755,2010-07-28T22:57:59Z
28115665,2010-07-29T18:33:47Z
28120503,2010-07-29T22:01:43Z
28234666,2010-08-09T18:49:03Z
28310912,2010-08-16T21:19:35Z
28322312,2010-08-17T16:38:35Z
28347400,2010-08-20T08:31:06Z
28332834,2010-08-20T11:46:11Z
28384364,2010-08-23T18:10:39Z
28395974,2010-08-24T14:12:11Z
28403327,2010-08-25T12:22:57Z
28417661,2010-08-25T21:54:05Z
28436170,2010-08-27T00:50:19Z
28434342,2010-08-30T22:51:43Z
28496235,2010-08-31T18:25:57Z
28521301,2010-08-31T19:55:55Z
28549534,2010-09-01T23:09:16Z
28551937,2010-09-02T05:45:32Z
28645211,2010-09-07T11:19:46Z
28677270,2010-09-11T02:02:12Z
28751297,2010-09-15T18:46:15Z
27111197,2010-09-16T17:05:58Z
28669377,2010-09-21T02:12:14Z
9630748,2010-10-03T13:57:56Z
9886658,2010-10-03T13:59:03Z
28974881,2010-10-05T02:10:36Z
29050874,2010-10-11T04:40:14Z
29130687,2010-10-16T19:39:33Z
29245871,2010-10-25T12:32:18Z
29262721,2010-10-28T00:42:17Z
29272286,2010-10-28T06:33:21Z
29333225,2010-10-31T23:47:44Z
21767154,2010-11-11T21:15:43Z
29482514,2010-11-12T15:35:48Z
29430533,2010-11-18T18:43:50Z
29567231,2010-11-19T05:07:38Z
29686332,2010-11-28T19:36:16Z
30170444,2010-12-31T00:14:30Z
30272976,2011-01-08T23:02:52Z
30366329,2011-01-15T10:38:29Z
30626184,2011-02-01T15:41:32Z
30628217,2011-02-02T16:43:10Z
30638482,2011-02-02T17:41:12Z
30635220,2011-02-02T19:12:08Z
30695158,2011-02-07T21:58:02Z
30731501,2011-02-10T06:24:49Z
30779190,2011-02-14T11:34:21Z
30828258,2011-02-18T13:55:44Z
30878674,2011-02-23T05:51:27Z
30973060,2011-03-01T18:39:01Z
30966646,2011-03-02T10:05:18Z
30995568,2011-03-03T21:30:35Z
31092807,2011-03-12T22:54:59Z
31099000,2011-03-13T18:41:40Z
10610014,2011-03-15T20:19:16Z
31128871,2011-03-16T18:23:30Z
31182882,2011-03-21T22:06:57Z
31220105,2011-03-25T21:46:32Z
31228270,2011-03-26T14:09:07Z
31239026,2011-04-02T12:02:31Z
31386266,2011-04-13T16:23:20Z
31478696,2011-04-19T17:00:36Z
31609243,2011-05-04T21:53:54Z
31657404,2011-05-09T20:20:57Z
31658838,2011-05-10T06:09:54Z
31737451,2011-05-19T03:34:11Z
31765670,2011-05-21T16:50:43Z
31460962,2011-05-27T07:36:37Z
31894254,2011-06-05T12:01:36Z
31971668,2011-06-14T14:33:10Z
32013872,2011-06-15T00:19:53Z
32032737,2011-06-16T20:03:26Z
32249383,2011-07-06T12:28:49Z
1825294,2011-07-08T16:26:51Z
32417877,2011-07-22T13:07:09Z
32402669,2011-07-26T05:22:43Z
32484594,2011-07-28T13:11:53Z
32719437,2011-08-19T16:01:10Z
32951521,2011-09-13T23:01:36Z
33008160,2011-09-14T15:11:39Z
33057358,2011-09-18T23:06:16Z
10440411,2011-09-22T02:27:39Z
33039161,2011-09-24T20:23:21Z
33177618,2011-10-01T13:19:28Z
33325018,2011-10-14T13:33:40Z
13958417,2011-10-19T00:51:55Z
33378379,2011-10-19T01:32:30Z
33841027,2011-11-30T05:34:51Z
33847663,2011-11-30T23:49:51Z
33861343,2011-12-03T02:00:05Z
33880033,2011-12-04T16:17:15Z
33894671,2011-12-05T19:49:13Z
33994092,2011-12-20T04:10:26Z
34376033,2012-01-22T14:31:28Z
34483607,2012-02-04T15:17:41Z
34693833,2012-02-18T19:59:17Z
34552754,2012-02-20T03:10:38Z
19274637,2012-03-16T04:02:59Z
991926,2012-03-16T04:17:17Z
35188258,2012-03-29T23:51:46Z
35293459,2012-04-08T19:05:57Z
35254933,2012-04-10T15:47:36Z
35539576,2012-04-25T20:19:46Z
35881966,2012-05-29T21:46:04Z
35950888,2012-06-03T10:50:26Z
36225380,2012-07-03T01:23:50Z
36493343,2012-07-27T20:45:23Z
36494750,2012-07-28T00:24:01Z
36472017,2012-07-30T07:43:28Z
36550072,2012-08-02T22:37:06Z
36583322,2012-08-07T11:29:09Z
26454356,2012-08-12T18:48:27Z
26454296,2012-08-12T18:49:16Z
26462024,2012-08-12T18:49:40Z
26461890,2012-08-12T18:49:47Z
26454260,2012-08-12T18:49:51Z
26441889,2012-08-12T18:49:56Z
26441817,2012-08-12T18:50:01Z
26461746,2012-08-12T18:50:05Z
26461834,2012-08-12T18:50:19Z
26441570,2012-08-12T18:50:23Z
26461738,2012-08-12T18:50:27Z
26454371,2012-08-12T18:50:30Z
26454250,2012-08-12T18:50:34Z
26461701,2012-08-12T18:50:37Z
26462036,2012-08-12T18:51:13Z
26461848,2012-08-12T18:51:18Z
26454227,2012-08-12T18:51:21Z
26462051,2012-08-12T18:51:24Z
26461679,2012-08-12T18:51:27Z
26441660,2012-08-12T18:51:29Z
26461982,2012-08-12T18:51:33Z
26441542,2012-08-12T18:51:44Z
26440994,2012-08-12T18:51:47Z
2007165,2012-08-12T18:51:50Z
26454378,2012-08-12T18:51:53Z
26441728,2012-08-12T18:51:56Z
26441705,2012-08-12T18:51:59Z
26441913,2012-08-12T18:52:01Z
26440816,2012-08-12T18:52:12Z
26454362,2012-08-12T18:52:14Z
26441643,2012-08-12T18:52:17Z
26461719,2012-08-12T18:52:20Z
26461824,2012-08-12T18:52:23Z
26441863,2012-08-12T18:52:26Z
26454338,2012-08-12T18:52:29Z
26461729,2012-08-12T18:52:32Z
26454317,2012-08-12T18:52:35Z
1349067,2012-08-12T18:52:42Z
26440745,2012-08-12T18:52:47Z
21244573,2012-08-12T18:52:50Z
26441836,2012-08-12T18:53:05Z
26440911,2012-08-12T18:53:08Z
26461758,2012-08-12T18:53:13Z
26440950,2012-08-12T18:53:16Z
26441781,2012-08-12T18:53:19Z
26454271,2012-08-12T18:53:22Z
26461934,2012-08-12T18:53:33Z
26462011,2012-08-12T18:53:37Z
26462003,2012-08-12T18:53:40Z
26454306,2012-08-12T18:53:43Z
26461806,2012-08-12T18:53:46Z
26454348,2012-08-12T18:53:48Z
36652700,2012-08-16T07:32:13Z
12930423,2012-08-25T15:34:10Z
36777663,2012-08-27T21:30:47Z
2817442,2012-09-28T19:15:50Z
37388736,2012-10-26T23:29:55Z
37604304,2012-11-19T00:48:11Z
13239181,2012-11-22T10:39:27Z
37643099,2012-11-22T11:58:17Z
37660412,2012-11-23T22:01:52Z
37658693,2012-11-26T10:56:35Z
37699297,2012-11-27T20:54:32Z
37750807,2012-12-04T07:08:33Z
37975631,2012-12-26T18:53:08Z
8165982,2013-01-02T02:25:00Z
38029796,2013-01-02T22:18:59Z
38052688,2013-01-06T01:27:43Z
14814870,2013-01-18T03:34:32Z
38280148,2013-01-27T20:20:25Z
38323012,2013-02-01T04:19:40Z
38380846,2013-02-07T08:10:25Z
38424823,2013-02-12T21:30:40Z
38471612,2013-02-18T08:35:21Z
38567224,2013-02-27T18:15:40Z
38676466,2013-03-13T12:19:19Z
38757480,2013-03-16T17:46:08Z
38767876,2013-03-18T10:48:11Z
38812738,2013-03-22T07:25:25Z
38898704,2013-03-31T03:33:05Z
39160645,2013-04-27T00:08:27Z
39277059,2013-05-09T10:40:49Z
39334203,2013-05-15T17:36:39Z
39432859,2013-06-01T13:24:35Z
38140056,2013-06-01T15:41:06Z
39500810,2013-06-05T21:16:18Z
30226538,2013-06-15T13:21:34Z
39265685,2013-06-15T13:29:16Z
39695853,2013-06-24T01:58:24Z
39836112,2013-07-10T04:08:53Z
39943101,2013-07-19T17:10:12Z
40053729,2013-07-31T12:57:09Z
40243607,2013-08-22T16:39:25Z
6544820,2013-08-23T03:24:10Z
40372959,2013-08-27T19:53:46Z
40363245,2013-09-02T19:31:48Z
40366441,2013-09-10T09:44:49Z
40478772,2013-09-17T14:23:12Z
40646482,2013-10-06T21:23:26Z
40865800,2013-10-29T23:27:39Z
36500385,2013-11-15T18:06:11Z
41097363,2013-11-26T10:54:08Z
41185832,2013-12-03T02:45:23Z
41187860,2013-12-08T05:12:55Z
41427836,2013-12-28T22:21:10Z
41380863,2014-01-11T12:11:57Z
41592728,2014-01-17T16:57:01Z
41598452,2014-01-18T20:26:11Z
41750681,2014-02-03T18:20:45Z
41946344,2014-03-01T20:16:33Z
41939108,2014-03-02T22:47:20Z
42101820,2014-03-13T02:01:42Z
42253566,2014-03-27T23:51:31Z
42415164,2014-04-14T00:38:01Z
42446919,2014-04-17T08:57:13Z
42547206,2014-04-28T21:04:30Z
42566080,2014-05-01T15:55:30Z
42825800,2014-05-29T10:24:12Z
42976757,2014-06-16T13:16:56Z
43155059,2014-07-04T01:59:12Z
43549948,2014-08-21T09:30:14Z
44234728,2014-11-05T20:06:26Z
44321826,2014-11-16T22:50:19Z
44294622,2014-11-22T07:41:41Z
44445246,2014-11-28T16:17:26Z
44362966,2014-11-29T18:20:35Z
44532762,2014-12-05T17:30:29Z
3055710,2015-01-13T20:52:52Z
45024887,2015-01-19T19:51:52Z
45025604,2015-01-21T15:46:05Z
45386287,2015-02-20T05:24:16Z
45418621,2015-02-23T19:28:21Z
46209828,2015-03-31T01:23:16Z
46515477,2015-05-02T09:37:41Z
46595836,2015-05-10T21:24:01Z
46684930,2015-05-19T19:30:13Z
44642555,2015-06-26T19:45:37Z
1456410,2015-06-27T12:23:38Z
47161449,2015-07-12T20:49:39Z
47275911,2015-07-26T05:42:17Z
47432105,2015-08-11T21:43:44Z
47351019,2015-08-17T21:12:29Z
47603457,2015-08-30T21:13:15Z
46909946,2015-10-09T03:03:04Z
48409342,2015-11-05T23:45:30Z
48396285,2015-11-08T00:40:46Z
48470553,2015-11-13T18:08:17Z
48801228,2015-12-20T19:36:57Z
48747785,2015-12-23T15:17:29Z
49263876,2016-02-06T00:20:03Z
12258180,2016-04-02T22:13:28Z
49839723,2016-04-17T14:49:54Z
50100385,2016-04-19T15:41:01Z
50310982,2016-05-02T14:59:13Z
50597494,2016-05-28T06:08:17Z
50617189,2016-05-30T18:14:37Z
50936658,2016-07-05T11:39:23Z
36422033,2016-07-06T09:35:47Z
50887028,2016-07-09T03:10:55Z
51389993,2016-08-29T16:54:40Z
51390595,2016-09-02T10:15:44Z
51955722,2016-10-19T02:07:55Z
52135780,2016-11-07T00:17:06Z
52323289,2016-12-04T15:50:47Z
52587665,2016-12-23T20:09:06Z
52622202,2016-12-25T02:41:01Z
52642925,2016-12-27T23:58:33Z
52719487,2017-01-05T16:17:05Z
52721865,2017-01-06T18:00:33Z
52703023,2017-01-07T20:37:57Z
52664135,2017-01-10T14:00:40Z
52773159,2017-01-11T15:23:06Z
52767756,2017-01-11T21:21:52Z
52786883,2017-01-13T11:45:37Z
52811652,2017-01-16T21:01:00Z
52091223,2017-02-06T23:09:48Z
53168911,2017-02-19T22:31:55Z
53948758,2017-05-10T16:00:34Z
54111266,2017-05-30T14:32:40Z
54411527,2017-07-07T12:58:37Z
54478018,2017-07-13T15:52:01Z
54568170,2017-07-23T16:30:59Z
53648881,2017-08-11T11:19:11Z
28082841,2017-09-20T23:46:19Z
55245848,2017-09-22T10:27:39Z
55480082,2017-10-16T20:28:15Z
55509366,2017-10-19T14:23:36Z
55863200,2017-11-30T16:54:13Z
12305785,2017-12-11T12:02:39Z
56113398,2017-12-29T18:55:27Z
56127685,2018-01-04T15:12:53Z
56439351,2018-02-26T02:50:57Z
56893182,2018-03-29T22:46:48Z
56912437,2018-04-01T17:18:33Z
57001299,2018-04-01T23:52:43Z
46844906,2018-04-25T22:24:15Z
13932362,2018-06-05T17:43:19Z
57537574,2018-06-06T07:09:18Z
12170105,2018-06-07T16:29:17Z
2365762,2018-06-07T19:17:18Z
23365301,2018-06-07T21:18:00Z
57603470,2018-06-16T23:32:52Z
1646354,2018-06-22T15:37:11Z
6303980,2018-06-23T14:58:36Z
9902222,2018-06-23T15:29:57Z
12912281,2018-06-23T20:20:43Z
57816566,2018-07-10T02:45:26Z
58280389,2018-09-03T15:39:30Z
40579938,2018-09-23T00:53:06Z
58541456,2018-10-01T23:30:22Z
58743932,2018-10-21T15:59:01Z
59480869,2019-01-01T17:00:57Z
59708235,2019-01-26T23:06:41Z
59904710,2019-02-18T01:00:18Z
297173,2019-04-01T04:33:42Z
60382170,2019-04-01T23:05:27Z
60386877,2019-04-11T09:17:15Z
60573414,2019-05-01T01:38:23Z
15968010,2019-05-03T05:26:50Z
12190156,2019-05-09T08:30:21Z
59170642,2019-05-11T16:12:26Z
